"","y_data","x_data"
"1",-0.4864641220031,0.781000668182969
"2",-0.157514254588547,0.0964599153958261
"3",0.00229513969756689,0.566056889481843
"4",0.0807770908500659,0.288468667771667
"5",0.10660460793618,-0.235836496111006
"6",-0.0937296630935512,0.46150114480406
"7",0.692784503846854,-0.710833057295531
"8",-0.0403051006543596,0.154890794306993
"9",-0.303997301237175,0.647366241551936
"10",-0.519289513771074,0.880313172005117
"11",0.403053881396593,-0.538623458240181
"12",0.985740767108507,-0.720023867674172
"13",-0.116035456083744,0.59072347311303
"14",0.147808034337178,-0.0263257692568004
"15",-0.0480565571306732,0.109597556758672
"16",0.00700795438379934,0.384344706777483
"17",-0.0347321847953735,0.418452899437398
"18",0.6230639275301,-0.722617703024298
"19",1.8127314171473,-0.953136873431504
"20",0.0124350426665242,0.206134780310094
"21",0.0142111699916871,0.311929683201015
"22",1.25491619802344,-0.903215172234923
"23",0.0927900217746417,-0.173456657212228
"24",0.152047163331483,-0.497882155235857
"25",1.12705922341435,-0.805617502890527
"26",0.253732757633336,-0.459838673938066
"27",1.43858928335107,-0.902769780252129
"28",-0.241448886878628,-0.198769575916231
"29",-0.591745256414576,0.837619352154434
"30",0.056976924725676,0.0378422057256103
"31",0.236927953737722,-0.435147365089506
"32",0.063035381316089,0.0702118165791035
"33",0.0837034878124421,0.0762855121865869
"34",-0.173196344868057,0.61025804001838
"35",0.787798009071853,-0.735277328174561
"36",-0.534947879584321,0.761756390798837
"37",-0.152962504275314,0.566832661628723
"38",0.0966124359411164,0.570151756517589
"39",0.00663925237557936,0.0170454056933522
"40",-0.299320691482626,0.743878867011517
"41",-0.410533904306695,0.834819881245494
"42",-0.548966751364436,0.835101862438023
"43",-0.143464608769628,0.596235372591764
"44",-0.768036777815063,0.892537720501423
"45",0.0664021330234355,-0.125992109067738
"46",-1.05563279491629,0.983745286706835
"47",0.216727304633436,-0.390823570545763
"48",-0.491470241865583,0.7680628974922
"49",-0.414627655072163,0.665532322600484
"50",0.0105995087088967,-0.0349539462476969
"51",0.265553896112489,-0.403489677235484
"52",0.0148317336833211,-0.169871801044792
"53",-0.0848773457386445,0.429746723268181
"54",-0.0113345153254309,0.497761776205152
"55",-0.191149819098913,0.453402963001281
"56",1.64322408780861,-0.93985352339223
"57",-0.54681025127155,0.772384279407561
"58",1.25486299172673,-0.861243912018836
"59",0.195165891432123,-0.385876679327339
"60",1.22988716848216,-0.879153423011303
"61",-0.604360903453996,0.827840274665505
"62",-0.101393513173815,0.209023997187614
"63",-0.469925918563824,0.74878002749756
"64",0.318548340201549,-0.427710426505655
"65",0.0786624759227162,0.238304958678782
"66",0.178896493732156,-0.502677316311747
"67",0.466809996938277,-0.534916896838695
"68",-0.3892845558298,0.673708378337324
"69",-0.159931198440498,0.100260687526315
"70",-0.198565219042607,0.62681846646592
"71",-0.4228512186182,0.64441078202799
"72",1.55926592720233,-0.918790759053081
"73",0.180379620967581,-0.365759634878486
"74",0.21603830469998,-0.356579590123147
"75",-0.287265707810195,0.699437305796891
"76",0.134846899856747,-0.368781415279955
"77",-0.338506071034092,0.729506594594568
"78",-0.0575621959911377,0.547974526882172
"79",-0.0926265245013974,0.138630400411785
"80",1.37780605021546,-0.846497020218521
"81",0.054930508526398,0.154857363551855
"82",0.483774804045799,-0.614960036240518
"83",0.373398263655317,-0.575600500684232
"84",-0.514444813245036,0.796563382726163
"85",1.25615536332419,-0.797978298272938
"86",0.0731485778223563,-0.106756415218115
"87",0.00848764967798675,-0.161856732331216
"88",1.2358468279126,-0.843873419333249
"89",0.269935096203921,-0.473961202427745
"90",0.0217346773681708,-0.151787261944264
"91",0.0996008695558267,-0.175994056276977
"92",0.0438435020317127,-0.431749892421067
"93",0.958374872644736,-0.776405233889818
"94",-0.20887782060183,0.0586843858473003
"95",-0.496902003569927,0.746445763856173
"96",0.241140967701631,-0.285642430651933
"97",0.154283987614634,0.123975960537791
"98",1.25653084138024,-0.90165779972449
"99",-0.110361601897122,-0.0375092187896371
"100",0.121735461280057,0.308917904738337
"101",0.193128860316606,-0.254656319972128
"102",-0.121546629428728,0.426515258848667
"103",0.952202517497228,-0.771952884271741
"104",0.371150245722884,-0.623195957392454
"105",0.0348946092295874,0.0215637036599219
"106",-0.951408765671578,0.998949617147446
"107",-0.0536124821821006,0.205135385971516
"108",-0.00431592429217721,-0.363263606093824
"109",1.11677395778124,-0.800663095433265
"110",-0.0605037554397127,0.166493980679661
"111",0.110500741179688,-0.250605274923146
"112",0.0406750379807883,0.399593717884272
"113",-0.0461141855386378,0.460855393204838
"114",0.323700114371929,-0.560526225715876
"115",0.957963349993625,-0.80166147602722
"116",-0.0844422438262701,-0.17317491909489
"117",0.234971662803524,-0.442601977381855
"118",0.354625557647207,-0.563406967092305
"119",0.0858286316852621,-0.442289447411895
"120",-0.143573480709133,0.54700257955119
"121",0.153242026702105,-0.365646386519074
"122",-1.06595601632547,0.99323550099507
"123",0.975186108085928,-0.781017804518342
"124",1.29448768977754,-0.865280528087169
"125",-0.465645779769897,0.726465891581029
"126",0.0496029468251186,0.144418639596552
"127",-0.10126825244945,0.0796238798648119
"128",-0.173169486476971,0.445946965832263
"129",0.0837899392486136,-0.301954970695078
"130",0.70985171188208,-0.718591860029846
"131",0.498156440261712,-0.607491223607212
"132",-0.76994671314246,0.93793002422899
"133",1.54016424621569,-0.896498953923583
"134",1.71189056173023,-0.941073274705559
"135",-0.0118297975840867,0.555505918338895
"136",-0.127769334313288,0.576597571372986
"137",-0.0575787763370019,0.293964094016701
"138",0.547945738313677,-0.499658734072
"139",0.190282219078411,-0.335831919685006
"140",-0.162468026944026,0.588639790657908
"141",-1.05780544909517,0.956427867058665
"142",0.0486914082390332,-0.134126495104283
"143",-0.889171564386627,0.903280881233513
"144",-0.797681666304062,0.955302097368985
"145",0.0609265072956179,0.571215788833797
"146",-0.210247437523995,0.620494711212814
"147",-0.0971488184786839,0.309286754578352
"148",-0.00325185608260867,-0.0278555154800415
"149",-0.0395507692486191,-0.0802679052576423
"150",-0.218218306711624,0.671052870340645
"151",0.971010358365715,-0.766413748729974
"152",-0.109840507155217,0.421515519730747
"153",0.13340114300204,-0.197081579361111
"154",-0.0240918812853748,0.241501302458346
"155",-0.991713351894325,0.956002861261368
"156",1.27005842334498,-0.840484385378659
"157",0.711109429127329,-0.724089788272977
"158",-0.0129916971822011,0.107505093794316
"159",-0.222645257053269,-0.16960659949109
"160",0.873421106939298,-0.759538674261421
"161",-0.0183608613280221,-0.0996241690590978
"162",-0.0813314859040647,0.564130165614188
"163",0.0919505267354426,-0.334946005605161
"164",-0.136146698515574,0.672873117029667
"165",1.7592986187899,-0.986526703927666
"166",0.239719755688894,-0.549395909998566
"167",0.063702682775705,-0.463663703761995
"168",-0.13347621885823,0.330862131901085
"169",-0.208785895051104,0.471843958366662
"170",0.369042838113339,-0.52945259725675
"171",-0.180542848524239,0.408835723996162
"172",-0.0550828834364207,-0.000741610769182444
"173",0.0699827468556885,0.343329292722046
"174",0.466065462544767,-0.521950300782919
"175",-0.0902487866554207,-0.220935867633671
"176",-0.07266253988678,0.524638022761792
"177",0.124938878925513,-0.161836131010205
"178",0.125821502139938,-0.414300785865635
"179",-0.00839007833356825,0.120741032995284
"180",0.435448281881979,-0.516219977289438
"181",0.235447599599786,-0.535243370570242
"182",0.0787377481107079,-0.24052105192095
"183",-0.858733943761628,0.956296762917191
"184",-0.0283122849983493,0.386704135220498
"185",0.0630533458824398,0.111861986573786
"186",0.144932006327468,0.152849933132529
"187",0.169688033345363,-0.323588204570115
"188",-0.197703511555891,0.0155043546110392
"189",1.40530197483521,-0.926916148047894
"190",0.218884765451224,-0.384641691111028
"191",-0.131392581506533,0.338666470255703
"192",-0.0550818304065867,0.390445512253791
"193",0.405542418346986,-0.555616271216422
"194",0.140562872145647,0.531838056631386
"195",0.843856875373631,-0.749740390572697
"196",-0.074557563207191,0.467513017356396
"197",-0.166638007123951,0.447157356422395
"198",0.0389953277147303,0.368127223104239
"199",1.03662546991629,-0.751967674121261
"200",-0.425083345062216,0.716469013597816
"201",0.0325831997048499,0.306992365978658
"202",0.646299314274865,-0.684121424797922
"203",-0.522528169146142,0.833109593018889
"204",1.34994496684891,-0.884273862931877
"205",0.826176785286265,-0.725176296196878
"206",-0.774769035911624,0.967088001314551
"207",1.56295251122788,-0.886434162035584
"208",0.07920697288247,-0.131651505827904
"209",0.0529215605353178,-0.150602333713323
"210",-0.938066108952405,0.985595779493451
"211",0.100826675103869,0.137098559178412
"212",1.42134332311686,-0.849548285827041
"213",-0.0709065894156504,0.105179752688855
"214",0.0637842442565071,-0.432126875501126
"215",-0.411667906602197,0.758300230838358
"216",0.0789523883981897,-0.207228499930352
"217",0.866066559436993,-0.734808924142271
"218",0.262577090282324,-0.466857727151364
"219",0.361545685885,-0.494678826536983
"220",0.146813278657822,-0.288515059743077
"221",-0.496107826366024,0.764755490235984
"222",-0.0223564012368445,-0.184416368138045
"223",0.099484687937035,-0.478259099647403
"224",-0.125864604538,0.213645001407713
"225",0.729471113519348,-0.792621682398021
"226",-0.0691580674874184,-0.0862394627183676
"227",-0.222965507523536,0.576557318214327
"228",-0.199411623290011,-0.137657307554036
"229",0.035920244990266,-0.106377612799406
"230",-0.0725943273598755,0.466141393408179
"231",-0.0142697898356565,0.217931951396167
"232",-0.107475218431114,0.472331773489714
"233",0.171779243315583,-0.301062708254904
"234",0.675727602208936,-0.607884766999632
"235",0.269047634102747,-0.526146476622671
"236",-0.765089420441853,0.902081766631454
"237",-0.1022017875103,-0.151688233949244
"238",-0.06272611533409,0.357702735811472
"239",-0.0850241353077753,-0.0405436153523624
"240",0.26165174316225,-0.40806134743616
"241",0.626551815617567,-0.632134857121855
"242",0.243184003362597,-0.481313568074256
"243",-0.0392131100711235,-0.0158319598995149
"244",-0.234049382568728,0.350608396809548
"245",0.115563828973321,-0.355229805223644
"246",0.0270806373205201,0.153218178078532
"247",1.58061929213957,-0.879517378751189
"248",1.87103214153933,-0.984503857325763
"249",-0.07747874349082,0.446611099876463
"250",1.9301108291764,-0.968755695503205
"251",1.35543869580596,-0.902286501601338
"252",0.45269980108819,-0.613490326330066
"253",1.33269859985993,-0.883132939692587
"254",0.134435493877839,-0.27731450740248
"255",0.899438744160059,-0.736688895151019
"256",-0.484151158912292,0.842506763059646
"257",-0.532378502570905,0.795987622346729
"258",0.209788584273456,-0.380521935410798
"259",-0.302296632959674,0.708474931772798
"260",-0.654694837976482,0.864396840333939
"261",0.180445956888567,0.0512631195597351
"262",1.38818597034316,-0.885349409654737
"263",-0.663475328204189,0.875930761918426
"264",-0.280769060850527,0.178189023397863
"265",-0.0449480987298658,-0.138488152995706
"266",0.0171206786566978,-0.0874878438189626
"267",-0.205390147079433,-0.052901872433722
"268",0.0257302138032379,0.0688993115909398
"269",-0.0385073436145025,0.291220150887966
"270",-0.884539272631116,0.899647367652506
"271",1.25975246760082,-0.82791043119505
"272",1.81248690728614,-0.940228050108999
"273",-0.877677723928015,0.962565327528864
"274",-0.0570683658335605,-0.0253654569387436
"275",-0.21466214424194,0.330169331282377
"276",-0.979563062316164,0.973186575807631
"277",-0.855496700046528,0.909553670790046
"278",-0.230882220213396,0.575996578205377
"279",0.0381936635157212,0.133887976408005
"280",-0.315388077135196,0.652029525954276
"281",0.0438688987720584,0.103576284367591
"282",0.0954784217100136,-0.174733741674572
"283",-0.585239291409909,0.819156551267952
"284",-0.747468695078308,0.914140445645899
"285",-0.392477938056236,0.739983092993498
"286",0.10287947805458,-0.120686432346702
"287",-0.0428357313541951,0.447820114437491
"288",-0.0611915178005415,0.593442728742957
"289",0.0593115172455865,-0.427045081742108
"290",-0.219258589352175,0.383293994702399
"291",0.981557267143562,-0.775735797826201
"292",-0.317308262478651,0.643878880888224
"293",-0.166057728885894,0.276955721434206
"294",0.589938485051173,-0.655033581424505
"295",0.0228147264770217,-0.116155697964132
"296",-0.272868142919054,0.589056687429547
"297",-0.332323252434137,0.579943171702325
"298",-0.170639823365393,-0.078352049458772
"299",1.12444796226313,-0.848093749955297
"300",0.968710160444211,-0.803421820048243
"301",-1.04330080544234,0.997534504160285
"302",-0.319244706476344,0.588727806694806
"303",0.0107279899152941,0.116374600213021
"304",0.787864012602913,-0.734118433203548
"305",-0.0759178501654215,0.0876569598913193
"306",0.107370945624354,-0.345870434306562
"307",-0.112920072941645,0.626155231613666
"308",-0.375607790868796,0.639205619692802
"309",0.23688913117911,-0.0903005790896714
"310",0.435110697686031,-0.570967785548419
"311",0.00479625180141828,0.00487420614808798
"312",-0.574055675945301,0.909086618106812
"313",0.218898905814131,-0.201811034698039
"314",-0.17243918544143,-0.0185889722779393
"315",-0.143771234702424,0.478527243249118
"316",-0.257753819023938,0.65799972275272
"317",-0.923137403083381,0.966358948498964
"318",0.0499414986363114,-0.344659071415663
"319",-0.00172868464319936,0.416948143858463
"320",0.0524293824265568,-0.151741789188236
"321",0.188140611604806,-0.0392206530086696
"322",-0.839672322276374,0.925782571081072
"323",-0.0654213366785135,0.508125755470246
"324",0.0692891163453606,-0.00565035780891776
"325",0.0585073492325158,-0.333540521096438
"326",-0.89566298649657,0.991594928316772
"327",-0.0215036226758021,-0.145382872782648
"328",1.66858833790761,-0.933645948302001
"329",-0.342224096057143,0.72177508706227
"330",1.59630952426077,-0.946139969862998
"331",-0.812158782752807,0.981301803141832
"332",0.103002481354292,-0.35665347147733
"333",-1.05831894663869,0.983892212156206
"334",1.07886313585347,-0.832992244511843
"335",0.295978188001167,-0.460419609677047
"336",-0.460882442289236,0.690903378184885
"337",-0.284534659833469,0.651065639220178
"338",-0.104610758837223,0.597230853978544
"339",0.0481764100285141,0.223928820341825
"340",-0.153481422153585,0.465935548301786
"341",0.388264000820758,-0.605624773073941
"342",-0.0188038716824764,-0.185941673349589
"343",-0.24030274739825,0.630109208635986
"344",0.456742984052835,-0.61810585623607
"345",-0.24182639244796,0.551137778442353
"346",0.0704396493809137,-0.131555584259331
"347",-0.370060429520554,0.679344652220607
"348",0.0115885407799358,0.17708707600832
"349",0.0966529215955979,0.146350739058107
"350",-0.409244441399809,0.67209422821179
"351",-0.73763835702174,0.956867351662368
"352",0.0796595812766657,0.385779923759401
"353",-0.743296365059859,0.898717395961285
"354",1.08267190971312,-0.827503662090749
"355",-0.108260073993404,0.47137106070295
"356",-0.594623687350905,0.839423249009997
"357",0.0666025180411557,0.100645237136632
"358",0.311893910750658,-0.5269845421426
"359",-0.883242536585842,0.932194341905415
"360",-0.527554657141496,0.769400302320719
"361",0.390415665434098,-0.494747434277087
"362",0.366777598140095,-0.588883261661977
"363",0.312740765396075,-0.572382543236017
"364",1.57415058192978,-0.939293473027647
"365",0.0781894286429935,0.444590561557561
"366",1.05662750056861,-0.830899306107312
"367",0.696532108382074,-0.697906923945993
"368",0.076397441139763,-0.262375731021166
"369",-0.07854361509462,0.534989547450095
"370",0.000473679506574533,0.099640937987715
"371",-0.437669715327721,0.761851858347654
"372",-0.175632034546525,0.643974303733557
"373",-0.762232477414096,0.91030469769612
"374",1.30816378082477,-0.802297297865152
"375",-0.14581248200601,0.252393488772213
"376",-0.142374841689692,-0.0270512928254902
"377",0.104817610008142,-0.351327133364975
"378",1.00823172163017,-0.762896018568426
"379",1.55270806667615,-0.932662761770189
"380",0.278330418956143,-0.545972169842571
"381",-0.0549703999153131,0.520863165147603
"382",-0.0703923281425129,0.370685117319226
"383",-0.620773317609696,0.796182196121663
"384",1.00312369732578,-0.765885891392827
"385",-0.869042660391655,0.95732370018959
"386",1.52756213810596,-0.911335404030979
"387",-0.0184422733325386,-0.164489658549428
"388",0.136413756058708,0.351491202134639
"389",-0.304794239833104,0.798280979972333
"390",0.191552878889328,-0.0566213675774634
"391",-0.0234748297125432,-0.337242324370891
"392",-0.138849421013372,-0.299753432162106
"393",-0.0494935131716808,-0.229297579731792
"394",-0.411145262558246,0.653970744460821
"395",0.0732366306918432,0.308970669750124
"396",0.421922238456302,-0.619830997660756
"397",0.220668860102487,-0.495557322632521
"398",-0.224094587018944,0.716428541578352
"399",-0.111834964929323,0.322708692401648
"400",-0.0714119990474996,-0.333324768114835
"401",-0.0646501749072161,0.321581259835511
"402",0.00998453915121886,0.528626311570406
"403",0.619496454538552,-0.668267321772873
"404",1.4493617798199,-0.905105689540505
"405",2.03471485323614,-0.984014356974512
"406",0.12602789728143,0.284783367533237
"407",0.0415980330275125,-0.0626815962605178
"408",0.0569530182499732,0.0660344404168427
"409",0.310111218384978,-0.490350056439638
"410",0.0448141029364063,0.399034434463829
"411",-0.159330029405261,0.695544340182096
"412",-0.7479717710682,0.936761481687427
"413",-0.205947934996845,0.432656656950712
"414",0.157324156141837,-0.368779734242707
"415",0.225148912997539,-0.508833871688694
"416",0.0875877256468842,-0.481338504701853
"417",0.481633722905328,-0.583183409646153
"418",-0.0902529630689092,0.399757717270404
"419",-0.706805961177284,0.938484811689705
"420",1.47316445004732,-0.890584709122777
"421",0.184504267846819,-0.352836572099477
"422",0.188588941707139,-0.153096087742597
"423",0.182245727498463,-0.427282902877778
"424",1.61438278237505,-0.946813546586782
"425",1.49542079464311,-0.885163411963731
"426",0.718364910523897,-0.666332806460559
"427",-0.524529886894586,0.803295884747058
"428",1.10634925803602,-0.803033405914903
"429",0.162455733671896,-0.373745629098266
"430",0.068032120116918,-0.3343370645307
"431",0.469803617513791,-0.61977358115837
"432",-0.0652772057362379,0.130811872892082
"433",-0.270746130361732,0.473487452138215
"434",-0.0613340648595478,-0.0922251432202756
"435",-0.0412046592249512,0.160979102831334
"436",-0.497616896269719,0.818702659569681
"437",0.0363434452652556,-0.1937968689017
"438",0.0542725928853401,-0.00417854683473706
"439",0.190250805324259,-0.137346299830824
"440",-0.105477196413869,0.00103847682476044
"441",-0.95483198195147,0.966791636776179
"442",0.246656630699468,-0.474780601449311
"443",1.59776252771338,-0.931202712934464
"444",0.324302159835104,-0.499271034728736
"445",0.0122277269853447,0.352385659702122
"446",0.0591783341851366,-0.229095612186939
"447",-0.699910104136477,0.882374004926533
"448",-0.119002552163301,0.317914613522589
"449",-0.200029634852242,0.193405059166253
"450",1.20373448811264,-0.810047018807381
"451",0.179898316036276,-0.299567802343518
"452",-0.187726978493052,0.663457684684545
"453",-0.348703028419856,0.695404354017228
"454",0.165161619921525,0.252844877075404
"455",-0.572791206453019,0.829295781441033
"456",1.01309800084657,-0.755667031742632
"457",-0.0665335052218565,-0.141966957133263
"458",1.28526286439399,-0.844407507684082
"459",0.0627533311166199,-0.227960101794451
"460",0.24722797717227,-0.491492769680917
"461",-0.321164959920596,0.587999398354441
"462",-0.375466235819108,0.728510655462742
"463",-0.524027478223647,0.823438026476651
"464",0.0315044833752392,-0.0563182202167809
"465",0.00936415348184166,0.0451671094633639
"466",0.213145296097963,-0.354510106611997
"467",-0.676954651416931,0.846282245125622
"468",0.0761485704997449,-0.285906694363803
"469",-0.114173527163782,0.56398537941277
"470",-0.0765879759619203,0.263090862426907
"471",0.213906908047,0.300212417263538
"472",1.24826928118104,-0.836269573774189
"473",0.0753633090152952,-0.343879376538098
"474",0.154827260092208,-0.344877326861024
"475",-0.333606941762746,0.614968245383352
"476",0.199648906201584,0.0608759690076113
"477",0.0272859474990355,0.225973427295685
"478",-0.0741425596043398,-0.111576675437391
"479",0.965865648116157,-0.818371756467968
"480",0.197247248351066,0.231217832304537
"481",1.10258491572812,-0.788246879354119
"482",-0.202456222653109,0.356624750886112
"483",-0.727990901702889,0.875784837640822
"484",0.294926390018418,-0.516711314674467
"485",0.286125015456769,-0.46765607688576
"486",-0.0982670763888491,0.3430585116148
"487",-0.642404632309446,0.830819487571716
"488",-0.256260229268655,0.532837420236319
"489",-0.0952990061892919,0.469474104233086
"490",0.482761832575465,-0.566929354798049
"491",-0.685157746702089,0.881501124706119
"492",0.00359697178413206,0.170096959918737
"493",-0.185981010558634,0.539954602252692
"494",-0.323853505297051,0.644746271427721
"495",0.155307962167213,-0.43905311031267
"496",0.247542896357445,-0.573861534241587
"497",1.89412939446219,-0.967477371916175
"498",-0.727372811810695,0.837903084233403
"499",-0.294237353770655,0.671789288055152
"500",1.01489899285305,-0.794571416452527
"501",0.860220100701998,-0.730167329311371
"502",1.47509000349552,-0.908539944328368
"503",-0.969414972517299,0.973711677826941
"504",-0.120155633105785,0.222181921359152
"505",0.267196418449062,-0.621302895247936
"506",-0.0396101406444302,0.222861254122108
"507",-0.254851718617319,0.0512983482331038
"508",0.227302051967615,-0.380139255430549
"509",-0.0251232544585526,0.101840902119875
"510",0.350057189897334,-0.440648538060486
"511",1.23985648272882,-0.821820369455963
"512",-0.790235325325678,0.904116984456778
"513",-0.1076360033599,0.286457316018641
"514",-0.0326226817925632,-0.0297513278201222
"515",1.2687978105104,-0.901515356265008
"516",1.09892013264142,-0.846312711946666
"517",0.299618805820719,-0.502377951983362
"518",-0.233350503553384,0.606153925415128
"519",1.26926110827063,-0.857775983866304
"520",0.0354340372434932,0.155896686948836
"521",-0.889916368677236,0.985700441058725
"522",0.0774708000401564,0.159085658378899
"523",-0.100415097122167,-0.191898727789521
"524",0.849559511719603,-0.79048272781074
"525",1.25503711882205,-0.845499250572175
"526",0.634776567789042,-0.585960499476641
"527",1.17225822776097,-0.852991191204637
"528",0.0959807669897151,0.247494757175446
"529",0.985772783741722,-0.768058743793517
"530",-0.355677550629255,0.723609547130764
"531",0.625285126153147,-0.66459846124053
"532",0.39296761020859,-0.414496161509305
"533",0.00661409015598776,0.418906653765589
"534",1.03938102533137,-0.764065247494727
"535",0.154487094333444,-0.0236740708351135
"536",0.143818459625777,0.254072087351233
"537",0.0928066604639321,-0.331312267575413
"538",-0.927487904677134,0.958460527006537
"539",-0.112795958851818,0.443332607392222
"540",0.145781467711417,-0.438000395894051
"541",-0.0193496508346062,-0.200042658485472
"542",1.39456085566911,-0.878426098730415
"543",0.5111466443563,-0.641810997389257
"544",-0.0585425740182818,0.0357923377305269
"545",0.975535937081702,-0.788247972261161
"546",-0.152873415244155,0.258041832596064
"547",0.0663574569536188,0.403361666947603
"548",0.359977741504334,-0.551810759119689
"549",1.91345470787305,-0.987060893792659
"550",1.68450282580814,-0.946957664098591
"551",0.195835148081632,-0.0839948137290776
"552",1.84216586034304,-0.963820123113692
"553",-0.185342863847985,0.203027360606939
"554",0.0719104858705692,-0.0454997448250651
"555",1.94364709595438,-0.960870824288577
"556",-0.149705449378223,0.500446452293545
"557",0.499791805722495,-0.676263893023133
"558",-0.760081134363919,0.918687860947102
"559",-0.135550012789261,-0.331155184656382
"560",-0.0900350231008527,-0.00608970830217004
"561",-0.0419336769716747,0.157201079186052
"562",1.39205808224782,-0.859956661239266
"563",0.0340770791534534,0.0923127918504179
"564",-0.173471475367074,0.518053590785712
"565",1.82165026966032,-0.940277291461825
"566",-0.84296727583929,0.953293844591826
"567",-0.399608699452897,0.742687683552504
"568",-0.018033117102696,-0.292231583036482
"569",-0.122997712912509,0.624447636306286
"570",-0.592447403763147,0.745136644225568
"571",-0.0935739348257668,0.261525441426784
"572",-0.0843055174379701,-0.0931865340098739
"573",-0.153243884995794,0.646243452094495
"574",0.195568368903326,-0.447224732022732
"575",-0.0672957382979631,0.179627476260066
"576",-0.0944621598181743,-0.00456051668152213
"577",-0.0510099704073511,-0.0615732748992741
"578",0.116436463427231,-0.382430543657392
"579",0.387089753088358,-0.581605671904981
"580",-0.3662507713493,0.645834389142692
"581",0.0233543591023318,-0.244663582183421
"582",-0.260643600309741,0.530276358593255
"583",-0.0185437742794337,0.0281150876544416
"584",-0.148967841908895,0.497876224573702
"585",-0.0479834671079463,0.456405596807599
"586",-0.906242790294116,0.977148540318012
"587",0.939914995991049,-0.738098025787622
"588",0.0960902501672368,-0.347867744509131
"589",0.195080253862653,-0.415029114577919
"590",1.9395864676251,-0.979852976277471
"591",0.759937214848121,-0.774443886708468
"592",-0.053082976604681,0.0531869670376182
"593",-0.0246391402783176,-0.282431905623525
"594",-0.0405618268548351,-0.0235101613216102
"595",0.816824115831285,-0.735394092276692
"596",0.364241914200664,-0.522071871906519
"597",-0.150134566352322,0.447661744430661
"598",-0.675220656234784,0.831752660684288
"599",1.07637493182068,-0.804376149084419
"600",0.536794167969046,-0.610441574361175
"601",0.600085324714097,-0.60713468817994
"602",0.975639505621629,-0.715160890482366
"603",-0.766899729483532,0.897754537407309
"604",0.0348203649096563,0.377775222994387
"605",0.0664184708337289,-0.0901828245259821
"606",-0.178149243149651,0.422528552357107
"607",-0.0278290796285587,-0.107181672006845
"608",-0.703999997444317,0.930988941341639
"609",-0.427517440526502,0.691216563805938
"610",-0.44077886828785,0.737918386701494
"611",-0.00444441111992449,0.266183238476515
"612",-0.269237600387571,0.676655801478773
"613",-0.291264872673112,0.771087978035212
"614",-0.235745509441605,0.62770391209051
"615",-0.44717986570571,0.759399763774127
"616",-0.0567014148113487,-0.168105700518936
"617",0.0844980312820807,-0.232737414073199
"618",-0.516641393219118,0.782591580878943
"619",-0.0512489725717293,0.248799453955144
"620",0.154964737767534,-0.365792812313884
"621",-0.18359242849799,0.597242100164294
"622",0.835237365252506,-0.80667386809364
"623",-1.04311308675485,0.982044954318553
"624",-0.555639104429197,0.851327776443213
"625",1.99925443519704,-0.990752323530614
"626",1.86397133026228,-0.987538617569953
"627",0.578154934758522,-0.631233884952962
"628",1.77403638460567,-0.969924458768219
"629",-0.0995288799906199,-0.138124687597156
"630",-0.714540061177817,0.882083710283041
"631",-0.101829574243519,0.190483847167343
"632",1.65110624377665,-0.935520401690155
"633",-0.549437788409808,0.852972185704857
"634",1.61963957050525,-0.918304848019034
"635",-0.19382388292334,0.0109533020295203
"636",-0.079566897014368,0.154361906927079
"637",-0.0628383565800162,0.35036607272923
"638",1.1566617142537,-0.843335344456136
"639",1.86645766159911,-0.938216185662895
"640",0.176833677328569,0.375846846029162
"641",1.18021940325858,-0.781891135964543
"642",-0.578030840596279,0.882835916709155
"643",0.0801407298780321,0.474404981825501
"644",-0.116313973300897,0.333176056388766
"645",-0.273874208934343,0.745763438753784
"646",-0.494258688073338,0.750536651816219
"647",-0.129658369482841,-0.257368763443083
"648",0.991521270613148,-0.765663705766201
"649",0.00954469062279055,-0.1474704653956
"650",0.0424082248956193,0.0562516115605831
"651",-0.0014641972811064,0.415760022122413
"652",-0.310720723973771,0.763956943526864
"653",0.08756893530918,0.0257074013352394
"654",0.208965207856886,-0.44426627503708
"655",0.0555140457008888,0.298740523401648
"656",0.00419824605021574,0.305867041926831
"657",0.209312416255145,-0.455480190459639
"658",-0.184977068945784,0.581956236157566
"659",-0.0512242066610174,0.143271526321769
"660",-0.495899799886051,0.818104384001344
"661",0.0503755002119451,-0.388641307130456
"662",0.197972491432707,-0.362425443250686
"663",-0.543344986517139,0.818082666024566
"664",0.220946874212404,-0.324034228455275
"665",-0.138873619266967,0.467487472575158
"666",1.66285143189318,-0.914632386993617
"667",1.42793958966659,-0.875483321491629
"668",0.139962544283228,-0.392076147720218
"669",-0.267994974154514,0.676795392297208
"670",0.359636635325054,-0.508442414924502
"671",0.626624851165053,-0.611264829989523
"672",1.18684048580122,-0.830536691471934
"673",-0.172247431743008,0.159761547576636
"674",-0.137739366693735,0.348610799759626
"675",1.18265871600132,-0.831097562331706
"676",0.512534653623992,-0.582676460035145
"677",-0.254212867337102,0.599781419150531
"678",0.141755405789785,0.151392283849418
"679",-0.227749787067791,0.663369520101696
"680",0.647940726767958,-0.692239942029119
"681",0.0663143531885149,0.139359374996275
"682",-1.11923600626757,0.984755462035537
"683",0.026651610329878,-0.0599108505994081
"684",-0.800058120220687,0.896090265363455
"685",0.0410709688125308,-0.0999993709847331
"686",-0.201119190600275,0.638809288851917
"687",0.083473200086151,0.395557301584631
"688",0.402858095171936,-0.589979219250381
"689",-0.795259651124374,0.916204954963177
"690",-0.793281850812066,0.974765290971845
"691",0.213028848170942,-0.461164391133934
"692",-0.425652951454396,0.716905292123556
"693",1.62369588613103,-0.955894427374005
"694",0.954464189270349,-0.777329679112881
"695",1.07313264730885,-0.816992327105254
"696",1.88821003633267,-0.996930948458612
"697",0.148373653319951,-0.461738913785666
"698",0.235357325199525,-0.322403585072607
"699",1.45253448111282,-0.871412989683449
"700",0.167563479979562,0.0955069395713508
"701",0.0804709064576209,0.502403931692243
"702",-0.124086669236408,0.392698468174785
"703",1.85492505190461,-0.958062069490552
"704",0.352361589988683,-0.565461399964988
"705",-0.00880336030774197,0.466431175824255
"706",-0.00366835818501285,0.492316295392811
"707",-0.685278839537841,0.88385869981721
"708",1.64220640298379,-0.959553485736251
"709",0.313431446263603,-0.577943957410753
"710",0.273972552694733,-0.421630532015115
"711",0.391527862767703,-0.573801766615361
"712",0.160055257250412,-0.408720841165632
"713",-0.274552579003246,0.614468781277537
"714",0.878075545317378,-0.740233921911567
"715",-0.218107887673571,0.167247360572219
"716",1.06406841343819,-0.80842052353546
"717",0.408967935383466,-0.664942162111402
"718",-0.0841937080071356,0.604652674403042
"719",-0.0673777091183415,0.532405332196504
"720",-0.0239848933770764,0.57965485053137
"721",1.5189970285411,-0.863263702020049
"722",-0.0382499465802551,0.446953825186938
"723",0.0130061055856415,-0.066286756657064
"724",0.739804245279028,-0.734098787419498
"725",1.07602284641476,-0.80546034919098
"726",0.349196616522244,-0.500528994016349
"727",0.0303058594821446,-0.182625967077911
"728",-0.130563022840628,0.503046702593565
"729",-0.843755780880774,0.911701722536236
"730",0.129231551846428,0.150777043309063
"731",-0.0483367267881105,0.490971215069294
"732",1.95387327462582,-0.974008056800812
"733",1.79371295094852,-0.988831405062228
"734",-0.0875229628734959,0.288155987393111
"735",-0.160328397654238,0.457464676350355
"736",0.450806572192996,-0.632082977332175
"737",-0.0854946538112153,0.234838320873678
"738",-0.934111441397944,0.910120193846524
"739",0.619066262728433,-0.65396648645401
"740",-0.0143903654062754,0.11828585434705
"741",1.04441043571924,-0.77682894654572
"742",-0.0628502100309325,0.195507441647351
"743",-0.199206475757663,0.553507020696998
"744",-1.06653782633073,0.98832533089444
"745",-0.253722899349865,0.501085345167667
"746",0.354137290209511,-0.522113302256912
"747",0.176309203144346,-0.337485589087009
"748",-0.125838705786077,0.596595206297934
"749",-0.0628405450505988,-0.32939780363813
"750",0.126195843384858,0.429043099284172
"751",-0.0415230732894174,-0.262631841935217
"752",-0.0254858922687316,0.275401620194316
"753",0.96408576137324,-0.725888142827898
"754",0.906262222021775,-0.739956313744187
"755",-0.163202929381763,0.501513779629022
"756",1.97747861609592,-0.985241779126227
"757",0.891921260352927,-0.747445283457637
"758",-0.909390148765227,0.993798363022506
"759",0.322810375141975,-0.488667880184948
"760",-0.630476314445875,0.900632046628743
"761",0.158396249709982,-0.312307955231518
"762",-0.618114486507351,0.869362749159336
"763",0.131060844086488,0.112646467518061
"764",0.156228105357452,0.256608236115426
"765",0.84371928841869,-0.747178287245333
"766",-0.202648629987477,0.54982806975022
"767",0.252044295732567,-0.512752512469888
"768",0.0960296680829687,-0.133859228342772
"769",-0.0607072741205509,-0.0182750434614718
"770",0.0690990170675062,0.148761123884469
"771",-0.442621807295815,0.76951510598883
"772",0.126977378402513,-0.289090746082366
"773",-0.0121215862748737,-0.162571692373604
"774",-0.0348582504733949,-0.265483225230128
"775",-0.283521830755106,0.671755160670727
"776",0.0812542326266981,0.32821039436385
"777",-0.0516174945325473,0.250157070811838
"778",1.65030670777818,-0.95721279270947
"779",-0.0499868561760676,0.556060952600092
"780",-0.0843421678519649,0.127635210286826
"781",-1.0268601540305,0.965845124330372
"782",0.166128548752815,-0.418368570040911
"783",1.42623936634269,-0.882988498546183
"784",-0.0222819355892154,0.401052244473249
"785",-0.473302536752048,0.768736994359642
"786",-0.149825899040474,0.701216475572437
"787",-0.0348864984928381,0.492564135231078
"788",0.153569670713344,0.0216262205503881
"789",-0.133255987903324,0.00573444925248623
"790",-0.00840388094846342,0.272039647679776
"791",0.031004780395144,0.00977333355695009
"792",-0.725356260205238,0.957035497296602
"793",-0.00746881251088504,0.158729447983205
"794",1.19324991217428,-0.807601701933891
"795",-0.480332319189238,0.746264040470123
"796",-0.0523057203635122,0.0927716414444149
"797",0.471950863913097,-0.644832420628518
"798",0.215345416854568,-0.371395575813949
"799",1.92221214100473,-0.989356354810297
"800",-0.660611577720928,0.87507550790906
"801",0.380518278751128,-0.583655393216759
"802",0.464012936507184,-0.565100927371532
"803",-0.0415715121462319,0.530232392717153
"804",-0.0396629639948003,0.058797322679311
"805",0.0262939617691369,-0.133289298973978
"806",-0.0665399730334043,-0.0813958239741623
"807",0.215154949310234,-0.580228463746607
"808",0.0441072499995949,0.203036835882813
"809",-0.589115104367143,0.809804646763951
"810",2.23560838439666,-0.999786676838994
"811",0.0192913600182726,0.126166176516563
"812",0.0539198867436,-0.390094553586096
"813",0.24240378394329,-0.119356992654502
"814",0.961205436369424,-0.761703909840435
"815",1.14573370858085,-0.83309358311817
"816",0.0700950779596307,-0.259046934079379
"817",-0.118581816333737,-0.0161399152129889
"818",-0.177552607772479,0.57272164337337
"819",-0.0129530097964416,-0.143615271896124
"820",-0.147170183909714,0.268957836553454
"821",0.514521189151885,-0.663810304366052
"822",-0.0511930449086117,0.128006916027516
"823",-0.551069585039587,0.786236757412553
"824",-0.00264736196764465,0.221022249665111
"825",0.421245552205726,-0.669677551835775
"826",-0.0293179710412095,0.260716216173023
"827",-0.807915193730572,0.889593414030969
"828",0.0393729234877422,-0.157110989559442
"829",0.900899737436586,-0.708633296657354
"830",0.330655200624951,-0.465943340677768
"831",0.176629604475365,0.214169827289879
"832",0.584755211189705,-0.693539306521416
"833",-0.34723171613827,0.733091806527227
"834",0.000330928120623353,-0.304135547950864
"835",-0.100366092413508,0.439288838766515
"836",-0.00806124418041024,0.188314691651613
"837",-0.493314066897861,0.801839796360582
"838",-0.00130249227037199,0.231753550004214
"839",0.00396726978524892,-0.0912655345164239
"840",-0.0541216033748955,0.555196480359882
"841",1.15912624116302,-0.772420185152441
"842",0.077795160016154,0.118276495486498
"843",-0.118419576657099,0.122384172864258
"844",1.81524242537328,-0.967424373608083
"845",0.0505100033980646,-0.339756950736046
"846",0.0833032329562745,0.300723565742373
"847",-0.151808913361502,0.629112381953746
"848",-0.00562195853696499,0.324879676569253
"849",-0.709022703967312,0.913645370397717
"850",-0.0617043051479916,0.129986788611859
"851",0.69182463302437,-0.675122164655477
"852",1.34212258940824,-0.894033705350012
"853",-0.0495390749701688,0.278268026653677
"854",0.0964232218506562,0.191907635424286
"855",-0.0217324844340886,0.429030345287174
"856",-0.0870679385800762,0.143633065745234
"857",-0.885395901231122,0.895486726425588
"858",1.7541833664265,-0.947282935492694
"859",0.769829034264791,-0.694751858711243
"860",-0.135302891603918,0.461449741851538
"861",-0.0157580174864386,0.288025384768844
"862",-0.372177659622945,0.647431136108935
"863",-0.189296197575277,0.212648440618068
"864",0.171677926177702,0.0365204690024257
"865",1.70582299311594,-0.958408425562084
"866",0.440070545898531,-0.582456100732088
"867",-0.0467441131216783,0.211625508964062
"868",0.251399590230628,-0.512176036834717
"869",0.191797211597334,-0.464752658270299
"870",0.0570412403821478,0.254844600334764
"871",0.278067238710965,-0.471156668383628
"872",0.547305412413045,-0.685423200018704
"873",0.346722804433106,-0.561051108408719
"874",-0.0594055805479957,0.300628724507987
"875",1.23572154086685,-0.851190410088748
"876",0.129970813585432,-0.175808050204068
"877",0.000135938563566576,-0.0468111918307841
"878",1.29994994040583,-0.860902278218418
"879",0.0205417593050996,-0.252143167890608
"880",-0.333644296485119,0.690411802381277
"881",-0.0166207326383069,-0.304424711037427
"882",-0.386687328387378,0.607809506822377
"883",-0.414767065101063,0.785055736545473
"884",-0.773178758149748,0.863110662903637
"885",0.503373379595383,-0.614848251454532
"886",0.201055346696519,-0.494812344200909
"887",0.468341249216851,-0.629339637234807
"888",0.493326804870979,-0.509609422180802
"889",-0.00502287174709729,-0.391913570929319
"890",0.0174310632871993,0.0601066784001887
"891",-0.107589814859664,0.366196277085692
"892",0.678465861298614,-0.703374431002885
"893",0.0442238168009686,-0.408905591350049
"894",-0.197722754526457,0.579666180536151
"895",-0.247235855633773,0.746711520012468
"896",1.47045763354106,-0.920966514851898
"897",-0.167198016940311,0.560212103184313
"898",-0.135551571273779,0.151708794292063
"899",1.19322344466877,-0.886010435409844
"900",0.65483021845345,-0.708281203173101
"901",-0.870525900693127,0.872900920920074
"902",-0.00248216377469549,0.341472041327506
"903",-0.0338658287095426,-0.330041543580592
"904",0.331699543464804,-0.558862493373454
"905",1.0554718235932,-0.754283201415092
"906",0.0205312597802885,-0.264980837702751
"907",-0.194553452554584,0.532525316812098
"908",1.4472952345968,-0.866696894168854
"909",-0.0809911025812949,0.603264447767287
"910",-0.155988478404581,-0.340768511872739
"911",0.015379038972016,0.557615583296865
"912",1.47487046176872,-0.90330918179825
"913",0.234236392579256,-0.51644202042371
"914",-0.209568931372831,0.700150937307626
"915",0.625556621995378,-0.744854491669685
"916",0.0683011302465966,-0.17021057382226
"917",-0.0768848703774094,-0.271984866820276
"918",1.36915157046281,-0.897944943979383
"919",-0.00945778876372706,0.0226409207098186
"920",1.91982537413828,-0.968237816821784
"921",-0.0390482382785007,-0.091673206537962
"922",0.0130642661662105,-0.234427382703871
"923",-0.809652131866552,0.890211428981274
"924",-0.89789497390778,0.983679742086679
"925",0.27988103611805,-0.581732575315982
"926",-0.0669714706626529,0.393075063824654
"927",-0.178377182994707,0.174092443659902
"928",0.412430255383541,-0.542616843245924
"929",0.178965055891057,-0.34180913399905
"930",0.0280821287873749,0.353724208660424
"931",-0.105940525226424,0.440710967872292
"932",-0.192646034619678,0.59321665391326
"933",0.180020694290391,0.255476244725287
"934",-0.0606471956664104,0.124443552456796
"935",-0.03398598468623,0.431305688805878
"936",0.0139439392587988,-0.0100972428917885
"937",0.111939406618196,-0.434414161369205
"938",0.152973158448673,-0.16044425778091
"939",0.642029975181111,-0.626474788412452
"940",0.192496271318963,0.253330146893859
"941",1.46952160901869,-0.890466993674636
"942",-0.617040018484749,0.867993175517768
"943",-0.132612825107996,0.400401448830962
"944",0.094160240011212,-0.161712348461151
"945",0.454942781186527,-0.687242864631116
"946",-0.002279676659531,0.0945340599864721
"947",0.130123867130001,0.25855944911018
"948",0.406282625514924,-0.626531225629151
"949",-0.232054146462467,0.619522809516639
"950",0.544013064036423,-0.520216734614223
"951",0.819792697451028,-0.735316701699048
"952",-0.0987490456377725,0.588208061642945
"953",0.0996784476779969,-0.343943929299712
"954",0.707247434319222,-0.691061291843653
"955",0.821067405070156,-0.77889463910833
"956",-0.0627962015031182,0.400963463354856
"957",0.57481300381597,-0.609964037779719
"958",0.836734006672925,-0.72280506324023
"959",-0.0900473379045041,0.554572650231421
"960",0.592845398436347,-0.709689083043486
"961",-0.0238509559271345,0.0817063106223941
"962",0.0953002918158449,-0.119177842047065
"963",0.0670586364047842,-0.225213974248618
"964",0.262769095542922,-0.557243742980063
"965",-0.17629529287106,0.0385863739065826
"966",-0.750643500514517,0.904851213563234
"967",-0.112672362891909,0.175482333172113
"968",0.0232803248177223,-0.340378440450877
"969",0.710811256320607,-0.690556535962969
"970",-0.24701716810107,0.332122934050858
"971",0.105295932992764,-0.257255197502673
"972",0.195556043820738,-0.415974336210638
"973",0.0326227834970082,0.0360076441429555
"974",-0.0622722518496802,0.0659939195029438
"975",-0.120298841463699,-0.308085973374546
"976",1.67270379035788,-0.936810183338821
"977",-0.01909366761944,0.224965720437467
"978",-0.0178458646430309,0.558313387911767
"979",-0.10182022538587,0.120404043234885
"980",0.0423878302264686,-0.169469374697655
"981",0.137081840797664,0.272915074601769
"982",1.70945612054175,-0.927004602272063
"983",0.316461024483304,-0.490446588490158
"984",0.512572128736164,-0.584142677485943
"985",0.0135183985404778,-0.018483666703105
"986",0.116818238198942,0.0568985580466688
"987",0.333859294769542,-0.54091515718028
"988",0.4306381546288,-0.593498485628515
"989",0.180771850488127,-0.227632915135473
"990",-0.0418163933900571,0.475802009459585
"991",0.525429686103766,-0.654546977486461
"992",1.42593273728013,-0.877864806912839
"993",0.0263646983121737,-0.240992867387831
"994",0.0757796422251427,0.0830120067112148
"995",0.361165631573546,-0.532951996196061
"996",-0.428225294769337,0.631421535741538
"997",-0.0232549759857245,0.198657339904457
"998",-0.98317862539014,0.928359384182841
"999",-0.487523964406821,0.816673743072897
"1000",-0.541360705587966,0.730290984734893
